time,arclength,x,y,yaw,kappa,speed,accel
0,0,-337.168378433887,420.35806292445,0.711005575120354,0,0,0
0.01,0.01,-337.168378433887,420.35806292445,0.711005575120354,0,0,0
0.02,0.02,-337.168378433887,420.35806292445,0.711005575120354,0,0,0
0.03,0.03,-337.168378433887,420.35806292445,0.711005575120354,0,0,0
0.04,0.04,-337.168378433887,420.35806292445,0.711005575120354,0,0,0
0.05,0.05,-337.168378433887,420.35806292445,0.711005575120354,0,0,0
0.06,0.06,-337.168378433887,420.35806292445,0.711005575120354,0,0,0
0.07,0.07,-337.168378433887,420.35806292445,0.711005575120354,0,0,0
0.08,0.08,-337.168378433887,420.35806292445,0.711005575120354,0,0,0
0.09,0.09,-337.168378433887,420.35806292445,0.711005575120354,0,0,0
0.1,0.1,-337.168378433887,420.35806292445,0.711005575120354,0,0,0
0.11,0.11,-337.168378433887,420.35806292445,0.711005575120354,0,0,0
0.12,0.12,-337.168378433887,420.35806292445,0.711005575120354,0,0,0
0.13,0.13,-337.168378433887,420.35806292445,0.711005575120354,0,0,0
0.14,0.14,-337.168378433887,420.35806292445,0.711005575120354,0,0,0
0.15,0.15,-337.168378433887,420.35806292445,0.711005575120354,0,0,0
0.16,0.16,-337.168378433887,420.35806292445,0.711005575120354,0,0,0
0.17,0.17,-337.168378433887,420.35806292445,0.711005575120354,0,0,0
0.18,0.18,-337.168378433887,420.35806292445,0.711005575120354,0,0,0
0.19,0.19,-337.168378433887,420.35806292445,0.711005575120354,0,0,0
0.2,0.2,-337.168378433887,420.35806292445,0.711005575120354,0,0,0
0.21,0.21,-337.168378433887,420.35806292445,0.711005575120354,0,0,0
0.22,0.22,-337.168378433887,420.35806292445,0.711005575120354,0,0,0
0.23,0.23,-337.168378433887,420.35806292445,0.711005575120354,0,0,0
0.24,0.24,-337.168378433887,420.35806292445,0.711005575120354,0,0,0
0.25,0.25,-337.168378433887,420.35806292445,0.711005575120354,0,0,0
0.26,0.26,-337.168378433887,420.35806292445,0.711005575120354,0,0,0
0.27,0.27,-337.168378433887,420.35806292445,0.711005575120354,0,0,0
0.28,0.28,-337.168378433887,420.35806292445,0.711005575120354,0,0,0
0.29,0.29,-337.168378433887,420.35806292445,0.711005575120354,0,0,0
0.3,0.3,-337.168378433887,420.35806292445,0.711005575120354,0,0,0
0.31,0.31,-337.168378433887,420.35806292445,0.711005575120354,0,0,0
0.32,0.32,-337.168378433887,420.35806292445,0.711005575120354,0,0,0
0.33,0.33,-337.168378433887,420.35806292445,0.711005575120354,0,0,0
0.34,0.34,-337.168378433887,420.35806292445,0.711005575120354,0,0,0
0.35,0.35,-337.168378433887,420.35806292445,0.711005575120354,0,0,0
0.36,0.36,-337.168378433887,420.35806292445,0.711005575120354,0,0,0
0.37,0.37,-337.168378433887,420.35806292445,0.711005575120354,0,0,0
0.38,0.38,-337.168378433887,420.35806292445,0.711005575120354,0,0,0
0.39,0.39,-337.168378433887,420.35806292445,0.711005575120354,0,0,0
0.4,0.4,-337.168378433887,420.35806292445,0.711005575120354,0,0,0
0.41,0.41,-337.168378433887,420.35806292445,0.711005575120354,0,0,0
0.42,0.42,-337.168378433887,420.35806292445,0.711005575120354,0,0,0
0.43,0.43,-337.168378433887,420.35806292445,0.711005575120354,0,0,0
0.44,0.44,-337.168378433887,420.35806292445,0.711005575120354,0,0,0
0.45,0.45,-337.168378433887,420.35806292445,0.711005575120354,0,0,0
0.46,0.46,-337.168378433887,420.35806292445,0.711005575120354,0,0,0
0.47,0.47,-337.168378433887,420.35806292445,0.711005575120354,0,0,0
0.48,0.48,-337.168378433887,420.35806292445,0.711005575120354,0,0,0
0.49,0.49,-337.168378433887,420.35806292445,0.711005575120354,0,0,0
0.5,0.5,-337.168378433887,420.35806292445,0.711005575120354,0,0,0
0.51,0.51,-337.168378433887,420.35806292445,0.711005575120354,0,0,0
0.52,0.52,-337.168378433887,420.35806292445,0.711005575120354,0,0,0
0.53,0.53,-337.168378433887,420.35806292445,0.711005575120354,0,0,0
0.54,0.54,-337.168378433887,420.35806292445,0.711005575120354,0,0,0
0.55,0.55,-337.168378433887,420.35806292445,0.711005575120354,0,0,0
0.56,0.56,-337.168378433887,420.35806292445,0.711005575120354,0,0,0
0.57,0.57,-337.168378433887,420.35806292445,0.711005575120354,0,0,0
0.58,0.58,-337.168378433887,420.35806292445,0.711005575120354,0,0,0
0.59,0.59,-337.168378433887,420.35806292445,0.711005575120354,0,0,0
0.6,0.6,-337.168378433887,420.35806292445,0.711005575120354,0,0,0
0.61,0.61,-337.168378433887,420.35806292445,0.711005575120354,0,0,0
0.62,0.62,-337.168378433887,420.35806292445,0.711005575120354,0,0,0
0.63,0.63,-337.168378433887,420.35806292445,0.711005575120354,0,0,0
0.64,0.64,-337.168378433887,420.35806292445,0.711005575120354,0,0,0
0.65,0.65,-337.168378433887,420.35806292445,0.711005575120354,0,0,0
0.66,0.66,-337.168378433887,420.35806292445,0.711005575120354,0,0,0
0.67,0.67,-337.168378433887,420.35806292445,0.711005575120354,0,0,0
0.68,0.68,-337.168378433887,420.35806292445,0.711005575120354,0,0,0
0.69,0.69,-337.168378433887,420.35806292445,0.711005575120354,0,0,0
0.7,0.7,-337.168378433887,420.35806292445,0.711005575120354,0,0,0
0.71,0.71,-337.168378433887,420.35806292445,0.711005575120354,0,0,0
0.72,0.72,-337.168378433887,420.35806292445,0.711005575120354,0,0,0
0.73,0.73,-337.168378433887,420.35806292445,0.711005575120354,0,0,0
0.74,0.74,-337.168378433887,420.35806292445,0.711005575120354,0,0,0
0.75,0.75,-337.168378433887,420.35806292445,0.711005575120354,0,0,0
0.76,0.76,-337.168378433887,420.35806292445,0.711005575120354,0,0,0
0.77,0.77,-337.168378433887,420.35806292445,0.711005575120354,0,0,0
0.78,0.78,-337.168378433887,420.35806292445,0.711005575120354,0,0,0
0.79,0.79,-337.168378433887,420.35806292445,0.711005575120354,0,0,0
0.8,0.8,-337.168378433887,420.35806292445,0.711005575120354,0,0,0
0.81,0.81,-337.168378433887,420.35806292445,0.711005575120354,0,0,0
0.82,0.82,-337.168378433887,420.35806292445,0.711005575120354,0,0,0
0.83,0.83,-337.168378433887,420.35806292445,0.711005575120354,0,0,0
0.84,0.84,-337.168378433887,420.35806292445,0.711005575120354,0,0,0
0.85,0.85,-337.168378433887,420.35806292445,0.711005575120354,0,0,0
0.86,0.86,-337.168378433887,420.35806292445,0.711005575120354,0,0,0
0.87,0.87,-337.168378433887,420.35806292445,0.711005575120354,0,0,0
0.88,0.88,-337.168378433887,420.35806292445,0.711005575120354,0,0,0
0.89,0.89,-337.168378433887,420.35806292445,0.711005575120354,0,0,0
0.9,0.9,-337.168378433887,420.35806292445,0.711005575120354,0,0,0
0.91,0.91,-337.168378433887,420.35806292445,0.711005575120354,0,0,0
0.92,0.92,-337.168378433887,420.35806292445,0.711005575120354,0,0,0
0.93,0.93,-337.168378433887,420.35806292445,0.711005575120354,0,0,0
0.94,0.94,-337.168378433887,420.35806292445,0.711005575120354,0,0,0
0.95,0.95,-337.168378433887,420.35806292445,0.711005575120354,0,0,0
0.96,0.96,-337.168378433887,420.35806292445,0.711005575120354,0,0,0
0.97,0.97,-337.168378433887,420.35806292445,0.711005575120354,0,0,0
0.98,0.98,-337.168378433887,420.35806292445,0.711005575120354,0,0,0
0.99,0.99,-337.168378433887,420.35806292445,0.711005575120354,0,0,0
1,1,-337.168378433887,420.35806292445,0.711005575120354,0,0,0
1.01,1.01,-337.168378433887,420.35806292445,0.711005575120354,0,0,0
1.02,1.02,-337.168378433887,420.35806292445,0.711005575120354,0,0,0
1.03,1.03,-337.168378433887,420.35806292445,0.711005575120354,0,0,0
1.04,1.04,-337.168378433887,420.35806292445,0.711005575120354,0,0,0
1.05,1.05,-337.168378433887,420.35806292445,0.711005575120354,0,0,0
1.06,1.06,-337.168378433887,420.35806292445,0.711005575120354,0,0,0
1.07,1.07,-337.168378433887,420.35806292445,0.711005575120354,0,0,0
1.08,1.08,-337.168378433887,420.35806292445,0.711005575120354,0,0,0
1.09,1.09,-337.168378433887,420.35806292445,0.711005575120354,0,0,0
1.1,1.1,-337.168378433887,420.35806292445,0.711005575120354,0,0,0
1.11,1.11,-337.168378433887,420.35806292445,0.711005575120354,0,0,0
1.12,1.12,-337.168378433887,420.35806292445,0.711005575120354,0,0,0
1.13,1.13,-337.168378433887,420.35806292445,0.711005575120354,0,0,0
1.14,1.14,-337.168378433887,420.35806292445,0.711005575120354,0,0,0
1.15,1.15,-337.168378433887,420.35806292445,0.711005575120354,0,0,0
1.16,1.16,-337.168378433887,420.35806292445,0.711005575120354,0,0,0
1.17,1.17,-337.168378433887,420.35806292445,0.711005575120354,0,0,0
1.18,1.18,-337.168378433887,420.35806292445,0.711005575120354,0,0,0
1.19,1.19,-337.168378433887,420.35806292445,0.711005575120354,0,0,0
1.2,1.2,-337.168378433887,420.35806292445,0.711005575120354,0,0,0
1.21,1.21,-337.168378433887,420.35806292445,0.711005575120354,0,0,0
1.22,1.22,-337.168378433887,420.35806292445,0.711005575120354,0,0,0
1.23,1.23,-337.168378433887,420.35806292445,0.711005575120354,0,0,0
1.24,1.24,-337.168378433887,420.35806292445,0.711005575120354,0,0,0
1.25,1.25,-337.168378433887,420.35806292445,0.711005575120354,0,0,0
1.26,1.26,-337.168378433887,420.35806292445,0.711005575120354,0,0,0
1.27,1.27,-337.168378433887,420.35806292445,0.711005575120354,0,0,0
1.28,1.28,-337.168378433887,420.35806292445,0.711005575120354,0,0,0
1.29,1.29,-337.168378433887,420.35806292445,0.711005575120354,0,0,0
1.3,1.3,-337.168378433887,420.35806292445,0.711005575120354,0,0,0
1.31,1.31,-337.168378433887,420.35806292445,0.711005575120354,0,0,0
1.32,1.32,-337.168378433887,420.35806292445,0.711005575120354,0,0,0
1.33,1.33,-337.168378433887,420.35806292445,0.711005575120354,0,0,0
1.34,1.34,-337.168378433887,420.35806292445,0.711005575120354,0,0,0
1.35,1.35,-337.168378433887,420.35806292445,0.711005575120354,0,0,0
1.36,1.36,-337.168378433887,420.35806292445,0.711005575120354,0,0,0
1.37,1.37,-337.168378433887,420.35806292445,0.711005575120354,0,0,0
1.38,1.38,-337.168378433887,420.35806292445,0.711005575120354,0,0,0
1.39,1.39,-337.168378433887,420.35806292445,0.711005575120354,0,0,0
1.4,1.4,-337.168378433887,420.35806292445,0.711005575120354,0,0,0
1.41,1.41,-337.168378433887,420.35806292445,0.711005575120354,0,0,0
1.42,1.42,-337.168378433887,420.35806292445,0.711005575120354,0,0,0
1.43,1.43,-337.168378433887,420.35806292445,0.711005575120354,0,0,0
1.44,1.44,-337.168378433887,420.35806292445,0.711005575120354,0,0,0
1.45,1.45,-337.168378433887,420.35806292445,0.711005575120354,0,0,0
1.46,1.46,-337.168378433887,420.35806292445,0.711005575120354,0,0,0
1.47,1.47,-337.168378433887,420.35806292445,0.711005575120354,0,0,0
1.48,1.48,-337.168378433887,420.35806292445,0.711005575120354,0,0,0
1.49,1.49,-337.168378433887,420.35806292445,0.711005575120354,0,0,0
1.5,1.5,-337.168378433887,420.35806292445,0.711005575120354,0,0,0
1.51,1.51,-337.168378433887,420.35806292445,0.711005575120354,0,0,0
1.52,1.52,-337.168378433887,420.35806292445,0.711005575120354,0,0,0
1.53,1.53,-337.168378433887,420.35806292445,0.711005575120354,0,0,0
1.54,1.54,-337.168378433887,420.35806292445,0.711005575120354,0,0,0
1.55,1.55,-337.168378433887,420.35806292445,0.711005575120354,0,0,0
1.56,1.56,-337.168378433887,420.35806292445,0.711005575120354,0,0,0
1.57,1.57,-337.168378433887,420.35806292445,0.711005575120354,0,0,0
1.58,1.58,-337.168378433887,420.35806292445,0.711005575120354,0,0,0
1.59,1.59,-337.168378433887,420.35806292445,0.711005575120354,0,0,0
1.6,1.6,-337.168378433887,420.35806292445,0.711005575120354,0,0,0
1.61,1.61,-337.168378433887,420.35806292445,0.711005575120354,0,0,0
1.62,1.62,-337.168378433887,420.35806292445,0.711005575120354,0,0,0
1.63,1.63,-337.168378433887,420.35806292445,0.711005575120354,0,0,0
1.64,1.64,-337.168378433887,420.35806292445,0.711005575120354,0,0,0
1.65,1.65,-337.168378433887,420.35806292445,0.711005575120354,0,0,0
1.66,1.66,-337.168378433887,420.35806292445,0.711005575120354,0,0,0
1.67,1.67,-337.168378433887,420.35806292445,0.711005575120354,0,0,0
1.68,1.68,-337.168378433887,420.35806292445,0.711005575120354,0,0,0
1.69,1.69,-337.168378433887,420.35806292445,0.711005575120354,0,0,0
1.7,1.7,-337.168378433887,420.35806292445,0.711005575120354,0,0,0
1.71,1.71,-337.168378433887,420.35806292445,0.711005575120354,0,0,0
1.72,1.72,-337.168378433887,420.35806292445,0.711005575120354,0,0,0
1.73,1.73,-337.168378433887,420.35806292445,0.711005575120354,0,0,0
1.74,1.74,-337.168378433887,420.35806292445,0.711005575120354,0,0,0
1.75,1.75,-337.168378433887,420.35806292445,0.711005575120354,0,0,0
1.76,1.76,-337.168378433887,420.35806292445,0.711005575120354,0,0,0
1.77,1.77,-337.168378433887,420.35806292445,0.711005575120354,0,0,0
1.78,1.78,-337.168378433887,420.35806292445,0.711005575120354,0,0,0
1.79,1.79,-337.168378433887,420.35806292445,0.711005575120354,0,0,0
1.8,1.8,-337.168378433887,420.35806292445,0.711005575120354,0,0,0
1.81,1.81,-337.168378433887,420.35806292445,0.711005575120354,0,0,0
1.82,1.82,-337.168378433887,420.35806292445,0.711005575120354,0,0,0
1.83,1.83,-337.168378433887,420.35806292445,0.711005575120354,0,0,0
1.84,1.84,-337.168378433887,420.35806292445,0.711005575120354,0,0,0
1.85,1.85,-337.168378433887,420.35806292445,0.711005575120354,0,0,0
1.86,1.86,-337.168378433887,420.35806292445,0.711005575120354,0,0,0
1.87,1.87,-337.168378433887,420.35806292445,0.711005575120354,0,0,0
1.88,1.88,-337.168378433887,420.35806292445,0.711005575120354,0,0,0
1.89,1.89,-337.168378433887,420.35806292445,0.711005575120354,0,0,0
1.9,1.9,-337.168378433887,420.35806292445,0.711005575120354,0,0,0
1.91,1.91,-337.168378433887,420.35806292445,0.711005575120354,0,0,0
1.92,1.92,-337.168378433887,420.35806292445,0.711005575120354,0,0,0
1.93,1.93,-337.168378433887,420.35806292445,0.711005575120354,0,0,0
1.94,1.94,-337.168378433887,420.35806292445,0.711005575120354,0,0,0
1.95,1.95,-337.168378433887,420.35806292445,0.711005575120354,0,0,0
1.96,1.96,-337.168378433887,420.35806292445,0.711005575120354,0,0,0
1.97,1.97,-337.168378433887,420.35806292445,0.711005575120354,0,0,0
1.98,1.98,-337.168378433887,420.35806292445,0.711005575120354,0,0,0
1.99,1.99,-337.168378433887,420.35806292445,0.711005575120354,0,0,0
2,2,-337.168378433887,420.35806292445,0.711005575120354,0,0,0
2.01,2.01,-337.168378433887,420.35806292445,0.711005575120354,0,0,0
2.02,2.02,-337.168378433887,420.35806292445,0.711005575120354,0,0,0
2.03,2.03,-337.168378433887,420.35806292445,0.711005575120354,0,0,0
2.04,2.04,-337.168378433887,420.35806292445,0.711005575120354,0,0,0
2.05,2.05,-337.168378433887,420.35806292445,0.711005575120354,0,0,0
2.06,2.06,-337.168378433887,420.35806292445,0.711005575120354,0,0,0
2.07,2.07,-337.168378433887,420.35806292445,0.711005575120354,0,0,0
2.08,2.08,-337.168378433887,420.35806292445,0.711005575120354,0,0,0
2.09,2.09,-337.168378433887,420.35806292445,0.711005575120354,0,0,0
2.1,2.1,-337.168378433887,420.35806292445,0.711005575120354,0,0,0
2.11,2.11,-337.168378433887,420.35806292445,0.711005575120354,0,0,0
2.12,2.12,-337.168378433887,420.35806292445,0.711005575120354,0,0,0
2.13,2.13,-337.168378433887,420.35806292445,0.711005575120354,0,0,0
2.14,2.14,-337.168378433887,420.35806292445,0.711005575120354,0,0,0
2.15,2.15,-337.168378433887,420.35806292445,0.711005575120354,0,0,0
2.16,2.16,-337.168378433887,420.35806292445,0.711005575120354,0,0,0
2.17,2.17,-337.168378433887,420.35806292445,0.711005575120354,0,0,0
2.18,2.18,-337.168378433887,420.35806292445,0.711005575120354,0,0,0
2.19,2.19,-337.168378433887,420.35806292445,0.711005575120354,0,0,0
2.2,2.2,-337.168378433887,420.35806292445,0.711005575120354,0,0,0
2.21,2.21,-337.168378433887,420.35806292445,0.711005575120354,0,0,0
2.22,2.22,-337.168378433887,420.35806292445,0.711005575120354,0,0,0
2.23,2.23,-337.168378433887,420.35806292445,0.711005575120354,0,0,0
2.24,2.24,-337.168378433887,420.35806292445,0.711005575120354,0,0,0
2.25,2.25,-337.168378433887,420.35806292445,0.711005575120354,0,0,0
2.26,2.26,-337.168378433887,420.35806292445,0.711005575120354,0,0,0
2.27,2.27,-337.168378433887,420.35806292445,0.711005575120354,0,0,0
2.28,2.28,-337.168378433887,420.35806292445,0.711005575120354,0,0,0
2.29,2.29,-337.168378433887,420.35806292445,0.711005575120354,0,0,0
2.3,2.3,-337.168378433887,420.35806292445,0.711005575120354,0,0,0
2.31,2.31,-337.168378433887,420.35806292445,0.711005575120354,0,0,0
2.32,2.32,-337.168378433887,420.35806292445,0.711005575120354,0,0,0
2.33,2.33,-337.168378433887,420.35806292445,0.711005575120354,0,0,0
2.34,2.34,-337.168378433887,420.35806292445,0.711005575120354,0,0,0
2.35,2.35,-337.168378433887,420.35806292445,0.711005575120354,0,0,0
2.36,2.36,-337.168378433887,420.35806292445,0.711005575120354,0,0,0
2.37,2.37,-337.168378433887,420.35806292445,0.711005575120354,0,0,0
2.38,2.38,-337.168378433887,420.35806292445,0.711005575120354,0,0,0
2.39,2.39,-337.168378433887,420.35806292445,0.711005575120354,0,0,0
2.4,2.4,-337.168378433887,420.35806292445,0.711005575120354,0,0,0
2.41,2.41,-337.168378433887,420.35806292445,0.711005575120354,0,0,0
2.42,2.42,-337.168378433887,420.35806292445,0.711005575120354,0,0,0
2.43,2.43,-337.168378433887,420.35806292445,0.711005575120354,0,0,0
2.44,2.44,-337.168378433887,420.35806292445,0.711005575120354,0,0,0
2.45,2.45,-337.168378433887,420.35806292445,0.711005575120354,0,0,0
2.46,2.46,-337.168378433887,420.35806292445,0.711005575120354,0,0,0
2.47,2.47,-337.168378433887,420.35806292445,0.711005575120354,0,0,0
2.48,2.48,-337.168378433887,420.35806292445,0.711005575120354,0,0,0
2.49,2.49,-337.168378433887,420.35806292445,0.711005575120354,0,0,0
2.5,2.5,-337.168378433887,420.35806292445,0.711005575120354,0,0,0
2.51,2.51,-337.168378433887,420.35806292445,0.711005575120354,0,0,0
2.52,2.52,-337.168378433887,420.35806292445,0.711005575120354,0,0,0
2.53,2.53,-337.168378433887,420.35806292445,0.711005575120354,0,0,0
2.54,2.54,-337.168378433887,420.35806292445,0.711005575120354,0,0,0
2.55,2.55,-337.168378433887,420.35806292445,0.711005575120354,0,0,0
2.56,2.56,-337.168378433887,420.35806292445,0.711005575120354,0,0,0
2.57,2.57,-337.168378433887,420.35806292445,0.711005575120354,0,0,0
2.58,2.58,-337.168378433887,420.35806292445,0.711005575120354,0,0,0
2.59,2.59,-337.168378433887,420.35806292445,0.711005575120354,0,0,0
2.6,2.6,-337.168378433887,420.35806292445,0.711005575120354,0,0,0
2.61,2.61,-337.168378433887,420.35806292445,0.711005575120354,0,0,0
2.62,2.62,-337.168378433887,420.35806292445,0.711005575120354,0,0,0
2.63,2.63,-337.168378433887,420.35806292445,0.711005575120354,0,0,0
2.64,2.64,-337.168378433887,420.35806292445,0.711005575120354,0,0,0
2.65,2.65,-337.168378433887,420.35806292445,0.711005575120354,0,0,0
2.66,2.66,-337.168378433887,420.35806292445,0.711005575120354,0,0,0
2.67,2.67,-337.168378433887,420.35806292445,0.711005575120354,0,0,0
2.68,2.68,-337.168378433887,420.35806292445,0.711005575120354,0,0,0
2.69,2.69,-337.168378433887,420.35806292445,0.711005575120354,0,0,0
2.7,2.7,-337.168378433887,420.35806292445,0.711005575120354,0,0,0
2.71,2.71,-337.168378433887,420.35806292445,0.711005575120354,0,0,0
2.72,2.72,-337.168378433887,420.35806292445,0.711005575120354,0,0,0
2.73,2.73,-337.168378433887,420.35806292445,0.711005575120354,0,0,0
2.74,2.74,-337.168378433887,420.35806292445,0.711005575120354,0,0,0
2.75,2.75,-337.168378433887,420.35806292445,0.711005575120354,0,0,0
2.76,2.76,-337.168378433887,420.35806292445,0.711005575120354,0,0,0
2.77,2.77,-337.168378433887,420.35806292445,0.711005575120354,0,0,0
2.78,2.78,-337.168378433887,420.35806292445,0.711005575120354,0,0,0
2.79,2.79,-337.168378433887,420.35806292445,0.711005575120354,0,0,0
2.8,2.8,-337.168378433887,420.35806292445,0.711005575120354,0,0,0
2.81,2.81,-337.168378433887,420.35806292445,0.711005575120354,0,0,0
2.82,2.82,-337.168378433887,420.35806292445,0.711005575120354,0,0,0
2.83,2.83,-337.168378433887,420.35806292445,0.711005575120354,0,0,0
2.84,2.84,-337.168378433887,420.35806292445,0.711005575120354,0,0,0
2.85,2.85,-337.168378433887,420.35806292445,0.711005575120354,0,0,0
2.86,2.86,-337.168378433887,420.35806292445,0.711005575120354,0,0,0
2.87,2.87,-337.168378433887,420.35806292445,0.711005575120354,0,0,0
2.88,2.88,-337.168378433887,420.35806292445,0.711005575120354,0,0,0
2.89,2.89,-337.168378433887,420.35806292445,0.711005575120354,0,0,0
2.9,2.9,-337.168378433887,420.35806292445,0.711005575120354,0,0,0
2.91,2.91,-337.168378433887,420.35806292445,0.711005575120354,0,0,0
2.92,2.92,-337.168378433887,420.35806292445,0.711005575120354,0,0,0
2.93,2.93,-337.168378433887,420.35806292445,0.711005575120354,0,0,0
2.94,2.94,-337.168378433887,420.35806292445,0.711005575120354,0,0,0
2.95,2.95,-337.168378433887,420.35806292445,0.711005575120354,0,0,0
2.96,2.96,-337.168378433887,420.35806292445,0.711005575120354,0,0,0
2.97,2.97,-337.168378433887,420.35806292445,0.711005575120354,0,0,0
2.98,2.98,-337.168378433887,420.35806292445,0.711005575120354,0,0,0
2.99,2.99,-337.168378433887,420.35806292445,0.711005575120354,0,0,0
3,3,-337.168378433887,420.35806292445,0.711005575120354,0,0,0
3.01,3.01,-337.168378433887,420.35806292445,0.711005575120354,0,0,0
3.02,3.02,-337.168378433887,420.35806292445,0.711005575120354,0,0,0
3.03,3.03,-337.168378433887,420.35806292445,0.711005575120354,0,0,0
3.04,3.04,-337.168378433887,420.35806292445,0.711005575120354,0,0,0
3.05,3.05,-337.168378433887,420.35806292445,0.711005575120354,0,0,0
3.06,3.06,-337.168378433887,420.35806292445,0.711005575120354,0,0,0
3.07,3.07,-337.168378433887,420.35806292445,0.711005575120354,0,0,0
3.08,3.08,-337.168378433887,420.35806292445,0.711005575120354,0,0,0
3.09,3.09,-337.168378433887,420.35806292445,0.711005575120354,0,0,0
3.1,3.1,-337.168378433887,420.35806292445,0.711005575120354,0,0,0
3.11,3.11,-337.168378433887,420.35806292445,0.711005575120354,0,0,0
3.12,3.12,-337.168378433887,420.35806292445,0.711005575120354,0,0,0
3.13,3.13,-337.168378433887,420.35806292445,0.711005575120354,0,0,0
3.14,3.14,-337.168378433887,420.35806292445,0.711005575120354,0,0,0
3.15,3.15,-337.168378433887,420.35806292445,0.711005575120354,0,0,0
3.16,3.16,-337.168378433887,420.35806292445,0.711005575120354,0,0,0
3.17,3.17,-337.168378433887,420.35806292445,0.711005575120354,0,0,0
3.18,3.18,-337.168378433887,420.35806292445,0.711005575120354,0,0,0
3.19,3.19,-337.168378433887,420.35806292445,0.711005575120354,0,0,0
3.2,3.2,-337.168378433887,420.35806292445,0.711005575120354,0,0,0
3.21,3.21,-337.168378433887,420.35806292445,0.711005575120354,0,0,0
3.22,3.22,-337.168378433887,420.35806292445,0.711005575120354,0,0,0
3.23,3.23,-337.168378433887,420.35806292445,0.711005575120354,0,0,0
3.24,3.24,-337.168378433887,420.35806292445,0.711005575120354,0,0,0
3.25,3.25,-337.168378433887,420.35806292445,0.711005575120354,0,0,0
3.26,3.26,-337.168378433887,420.35806292445,0.711005575120354,0,0,0
3.27,3.27,-337.168378433887,420.35806292445,0.711005575120354,0,0,0
3.28,3.28,-337.168378433887,420.35806292445,0.711005575120354,0,0,0
3.29,3.29,-337.168378433887,420.35806292445,0.711005575120354,0,0,0
3.3,3.3,-337.168378433887,420.35806292445,0.711005575120354,0,0,0
3.31,3.31,-337.168378433887,420.35806292445,0.711005575120354,0,0,0
3.32,3.32,-337.168378433887,420.35806292445,0.711005575120354,0,0,0
3.33,3.33,-337.168378433887,420.35806292445,0.711005575120354,0,0,0
3.34,3.34,-337.168378433887,420.35806292445,0.711005575120354,0,0,0
3.35,3.35,-337.168378433887,420.35806292445,0.711005575120354,0,0,0
3.36,3.36,-337.168378433887,420.35806292445,0.711005575120354,0,0,0
3.37,3.37,-337.168378433887,420.35806292445,0.711005575120354,0,0,0
3.38,3.38,-337.168378433887,420.35806292445,0.711005575120354,0,0,0
3.39,3.39,-337.168378433887,420.35806292445,0.711005575120354,0,0,0
3.4,3.4,-337.168378433887,420.35806292445,0.711005575120354,0,0,0
3.41,3.41,-337.168378433887,420.35806292445,0.711005575120354,0,0,0
3.42,3.42,-337.168378433887,420.35806292445,0.711005575120354,0,0,0
3.43,3.43,-337.168378433887,420.35806292445,0.711005575120354,0,0,0
3.44,3.44,-337.168378433887,420.35806292445,0.711005575120354,0,0,0
3.45,3.45,-337.168378433887,420.35806292445,0.711005575120354,0,0,0
3.46,3.46,-337.168378433887,420.35806292445,0.711005575120354,0,0,0
3.47,3.47,-337.168378433887,420.35806292445,0.711005575120354,0,0,0
3.48,3.48,-337.168378433887,420.35806292445,0.711005575120354,0,0,0
3.49,3.49,-337.168378433887,420.35806292445,0.711005575120354,0,0,0
3.5,3.5,-337.168378433887,420.35806292445,0.711005575120354,0,0,0
3.51,3.51,-337.168378433887,420.35806292445,0.711005575120354,0,0,0
3.52,3.52,-337.168378433887,420.35806292445,0.711005575120354,0,0,0
3.53,3.53,-337.168378433887,420.35806292445,0.711005575120354,0,0,0
3.54,3.54,-337.168378433887,420.35806292445,0.711005575120354,0,0,0
3.55,3.55,-337.168378433887,420.35806292445,0.711005575120354,0,0,0
3.56,3.56,-337.168378433887,420.35806292445,0.711005575120354,0,0,0
3.57,3.57,-337.168378433887,420.35806292445,0.711005575120354,0,0,0
3.58,3.58,-337.168378433887,420.35806292445,0.711005575120354,0,0,0
3.59,3.59,-337.168378433887,420.35806292445,0.711005575120354,0,0,0
3.6,3.6,-337.168378433887,420.35806292445,0.711005575120354,0,0,0
3.61,3.61,-337.168378433887,420.35806292445,0.711005575120354,0,0,0
3.62,3.62,-337.168378433887,420.35806292445,0.711005575120354,0,0,0
3.63,3.63,-337.168378433887,420.35806292445,0.711005575120354,0,0,0
3.64,3.64,-337.168378433887,420.35806292445,0.711005575120354,0,0,0
3.65,3.65,-337.168378433887,420.35806292445,0.711005575120354,0,0,0
3.66,3.66,-337.168378433887,420.35806292445,0.711005575120354,0,0,0
3.67,3.67,-337.168378433887,420.35806292445,0.711005575120354,0,0,0
3.68,3.68,-337.168378433887,420.35806292445,0.711005575120354,0,0,0
3.69,3.69,-337.168378433887,420.35806292445,0.711005575120354,0,0,0
3.7,3.7,-337.168378433887,420.35806292445,0.711005575120354,0,0,0
3.71,3.71,-337.168378433887,420.35806292445,0.711005575120354,0,0,0
3.72,3.72,-337.168378433887,420.35806292445,0.711005575120354,0,0,0
3.73,3.73,-337.168378433887,420.35806292445,0.711005575120354,0,0,0
3.74,3.74,-337.168378433887,420.35806292445,0.711005575120354,0,0,0
3.75,3.75,-337.168378433887,420.35806292445,0.711005575120354,0,0,0
3.76,3.76,-337.168378433887,420.35806292445,0.711005575120354,0,0,0
3.77,3.77,-337.168378433887,420.35806292445,0.711005575120354,0,0,0
3.78,3.78,-337.168378433887,420.35806292445,0.711005575120354,0,0,0
3.79,3.79,-337.168378433887,420.35806292445,0.711005575120354,0,0,0
3.8,3.8,-337.168378433887,420.35806292445,0.711005575120354,0,0,0
3.81,3.81,-337.168378433887,420.35806292445,0.711005575120354,0,0,0
3.82,3.82,-337.168378433887,420.35806292445,0.711005575120354,0,0,0
3.83,3.83,-337.168378433887,420.35806292445,0.711005575120354,0,0,0
3.84,3.84,-337.168378433887,420.35806292445,0.711005575120354,0,0,0
3.85,3.85,-337.168378433887,420.35806292445,0.711005575120354,0,0,0
3.86,3.86,-337.168378433887,420.35806292445,0.711005575120354,0,0,0
3.87,3.87,-337.168378433887,420.35806292445,0.711005575120354,0,0,0
3.88,3.88,-337.168378433887,420.35806292445,0.711005575120354,0,0,0
3.89,3.89,-337.168378433887,420.35806292445,0.711005575120354,0,0,0
3.9,3.9,-337.168378433887,420.35806292445,0.711005575120354,0,0,0
3.91,3.91,-337.168378433887,420.35806292445,0.711005575120354,0,0,0
3.92,3.92,-337.168378433887,420.35806292445,0.711005575120354,0,0,0
3.93,3.93,-337.168378433887,420.35806292445,0.711005575120354,0,0,0
3.94,3.94,-337.168378433887,420.35806292445,0.711005575120354,0,0,0
3.95,3.95,-337.168378433887,420.35806292445,0.711005575120354,0,0,0
3.96,3.96,-337.168378433887,420.35806292445,0.711005575120354,0,0,0
3.97,3.97,-337.168378433887,420.35806292445,0.711005575120354,0,0,0
3.98,3.98,-337.168378433887,420.35806292445,0.711005575120354,0,0,0
3.99,3.99,-337.168378433887,420.35806292445,0.711005575120354,0,0,0
4,4,-337.168378433887,420.35806292445,0.711005575120354,0,0,0
4.01,4.01,-337.168378433887,420.35806292445,0.711005575120354,0,0,0
4.02,4.02,-337.168378433887,420.35806292445,0.711005575120354,0,0,0
4.03,4.03,-337.168378433887,420.35806292445,0.711005575120354,0,0,0
4.04,4.04,-337.168378433887,420.35806292445,0.711005575120354,0,0,0
4.05,4.05,-337.168378433887,420.35806292445,0.711005575120354,0,0,0
4.06,4.06,-337.168378433887,420.35806292445,0.711005575120354,0,0,0
4.07,4.07,-337.168378433887,420.35806292445,0.711005575120354,0,0,0
4.08,4.08,-337.168378433887,420.35806292445,0.711005575120354,0,0,0
4.09,4.09,-337.168378433887,420.35806292445,0.711005575120354,0,0,0
4.1,4.1,-337.168378433887,420.35806292445,0.711005575120354,0,0,0
4.11,4.11,-337.168378433887,420.35806292445,0.711005575120354,0,0,0
4.12,4.12,-337.168378433887,420.35806292445,0.711005575120354,0,0,0
4.13,4.13,-337.168378433887,420.35806292445,0.711005575120354,0,0,0
4.14,4.14,-337.168378433887,420.35806292445,0.711005575120354,0,0,0
4.15,4.15,-337.168378433887,420.35806292445,0.711005575120354,0,0,0
4.16,4.16,-337.168378433887,420.35806292445,0.711005575120354,0,0,0
4.17,4.17,-337.168378433887,420.35806292445,0.711005575120354,0,0,0
4.18,4.18,-337.168378433887,420.35806292445,0.711005575120354,0,0,0
4.19,4.19,-337.168378433887,420.35806292445,0.711005575120354,0,0,0
4.2,4.2,-337.168378433887,420.35806292445,0.711005575120354,0,0,0
4.21,4.21,-337.168378433887,420.35806292445,0.711005575120354,0,0,0
4.22,4.22,-337.168378433887,420.35806292445,0.711005575120354,0,0,0
4.23,4.23,-337.168378433887,420.35806292445,0.711005575120354,0,0,0
4.24,4.24,-337.168378433887,420.35806292445,0.711005575120354,0,0,0
4.25,4.25,-337.168378433887,420.35806292445,0.711005575120354,0,0,0
4.26,4.26,-337.168378433887,420.35806292445,0.711005575120354,0,0,0
4.27,4.27,-337.168378433887,420.35806292445,0.711005575120354,0,0,0
4.28,4.28,-337.168378433887,420.35806292445,0.711005575120354,0,0,0
4.29,4.29,-337.168378433887,420.35806292445,0.711005575120354,0,0,0
4.3,4.3,-337.168378433887,420.35806292445,0.711005575120354,0,0,0
4.31,4.31,-337.168378433887,420.35806292445,0.711005575120354,0,0,0
4.32,4.32,-337.168378433887,420.35806292445,0.711005575120354,0,0,0
4.33,4.33,-337.168378433887,420.35806292445,0.711005575120354,0,0,0
4.34,4.34,-337.168378433887,420.35806292445,0.711005575120354,0,0,0
4.35,4.35,-337.168378433887,420.35806292445,0.711005575120354,0,0,0
4.36,4.36,-337.168378433887,420.35806292445,0.711005575120354,0,0,0
4.37,4.37,-337.168378433887,420.35806292445,0.711005575120354,0,0,0
4.38,4.38,-337.168378433887,420.35806292445,0.711005575120354,0,0,0
4.39,4.39,-337.168378433887,420.35806292445,0.711005575120354,0,0,0
4.4,4.4,-337.168378433887,420.35806292445,0.711005575120354,0,0,0
4.41,4.41,-337.168378433887,420.35806292445,0.711005575120354,0,0,0
4.42,4.42,-337.168378433887,420.35806292445,0.711005575120354,0,0,0
4.43,4.43,-337.168378433887,420.35806292445,0.711005575120354,0,0,0
4.44,4.44,-337.168378433887,420.35806292445,0.711005575120354,0,0,0
4.45,4.45,-337.168378433887,420.35806292445,0.711005575120354,0,0,0
4.46,4.46,-337.168378433887,420.35806292445,0.711005575120354,0,0,0
4.47,4.47,-337.168378433887,420.35806292445,0.711005575120354,0,0,0
4.48,4.48,-337.168378433887,420.35806292445,0.711005575120354,0,0,0
4.49,4.49,-337.168378433887,420.35806292445,0.711005575120354,0,0,0
4.5,4.5,-337.168378433887,420.35806292445,0.711005575120354,0,0,0
4.51,4.51,-337.168378433887,420.35806292445,0.711005575120354,0,0,0
4.52,4.52,-337.168378433887,420.35806292445,0.711005575120354,0,0,0
4.53,4.53,-337.168378433887,420.35806292445,0.711005575120354,0,0,0
4.54,4.54,-337.168378433887,420.35806292445,0.711005575120354,0,0,0
4.55,4.55,-337.168378433887,420.35806292445,0.711005575120354,0,0,0
4.56,4.56,-337.168378433887,420.35806292445,0.711005575120354,0,0,0
4.57,4.57,-337.168378433887,420.35806292445,0.711005575120354,0,0,0
4.58,4.58,-337.168378433887,420.35806292445,0.711005575120354,0,0,0
4.59,4.59,-337.168378433887,420.35806292445,0.711005575120354,0,0,0
4.6,4.6,-337.168378433887,420.35806292445,0.711005575120354,0,0,0
4.61,4.61,-337.168378433887,420.35806292445,0.711005575120354,0,0,0
4.62,4.62,-337.168378433887,420.35806292445,0.711005575120354,0,0,0
4.63,4.63,-337.168378433887,420.35806292445,0.711005575120354,0,0,0
4.64,4.64,-337.168378433887,420.35806292445,0.711005575120354,0,0,0
4.65,4.65,-337.168378433887,420.35806292445,0.711005575120354,0,0,0
4.66,4.66,-337.168378433887,420.35806292445,0.711005575120354,0,0,0
4.67,4.67,-337.168378433887,420.35806292445,0.711005575120354,0,0,0
4.68,4.68,-337.168378433887,420.35806292445,0.711005575120354,0,0,0
4.69,4.69,-337.168378433887,420.35806292445,0.711005575120354,0,0,0
4.7,4.7,-337.168378433887,420.35806292445,0.711005575120354,0,0,0
4.71,4.71,-337.168378433887,420.35806292445,0.711005575120354,0,0,0
4.72,4.72,-337.168378433887,420.35806292445,0.711005575120354,0,0,0
4.73,4.73,-337.168378433887,420.35806292445,0.711005575120354,0,0,0
4.74,4.74,-337.168378433887,420.35806292445,0.711005575120354,0,0,0
4.75,4.75,-337.168378433887,420.35806292445,0.711005575120354,0,0,0
4.76,4.76,-337.168378433887,420.35806292445,0.711005575120354,0,0,0
4.77,4.77,-337.168378433887,420.35806292445,0.711005575120354,0,0,0
4.78,4.78,-337.168378433887,420.35806292445,0.711005575120354,0,0,0
4.79,4.79,-337.168378433887,420.35806292445,0.711005575120354,0,0,0
4.8,4.8,-337.168378433887,420.35806292445,0.711005575120354,0,0,0
4.81,4.81,-337.168378433887,420.35806292445,0.711005575120354,0,0,0
4.82,4.82,-337.168378433887,420.35806292445,0.711005575120354,0,0,0
4.83,4.83,-337.168378433887,420.35806292445,0.711005575120354,0,0,0
4.84,4.84,-337.168378433887,420.35806292445,0.711005575120354,0,0,0
4.85,4.85,-337.168378433887,420.35806292445,0.711005575120354,0,0,0
4.86,4.86,-337.168378433887,420.35806292445,0.711005575120354,0,0,0
4.87,4.87,-337.168378433887,420.35806292445,0.711005575120354,0,0,0
4.88,4.88,-337.168378433887,420.35806292445,0.711005575120354,0,0,0
4.89,4.89,-337.168378433887,420.35806292445,0.711005575120354,0,0,0
4.9,4.9,-337.168378433887,420.35806292445,0.711005575120354,0,0,0
4.91,4.91,-337.168378433887,420.35806292445,0.711005575120354,0,0,0
4.92,4.92,-337.168378433887,420.35806292445,0.711005575120354,0,0,0
4.93,4.93,-337.168378433887,420.35806292445,0.711005575120354,0,0,0
4.94,4.94,-337.168378433887,420.35806292445,0.711005575120354,0,0,0
4.95,4.95,-337.168378433887,420.35806292445,0.711005575120354,0,0,0
4.96,4.96,-337.168378433887,420.35806292445,0.711005575120354,0,0,0
4.97,4.97,-337.168378433887,420.35806292445,0.711005575120354,0,0,0
4.98,4.98,-337.168378433887,420.35806292445,0.711005575120354,0,0,0
4.99,4.99,-337.168378433887,420.35806292445,0.711005575120354,0,0,0
5,5,-337.168378433887,420.35806292445,0.711005575120354,0,0,0
5.01,5.01,-337.168378433887,420.35806292445,0.711005575120354,0,0,0
5.02,5.02,-337.168378433887,420.35806292445,0.711005575120354,0,0,0
5.03,5.03,-337.168378433887,420.35806292445,0.711005575120354,0,0,0
5.04,5.04,-337.168378433887,420.35806292445,0.711005575120354,0,0,0
5.05,5.05,-337.168378433887,420.35806292445,0.711005575120354,0,0,0
5.06,5.06,-337.168378433887,420.35806292445,0.711005575120354,0,0,0
5.07,5.07,-337.168378433887,420.35806292445,0.711005575120354,0,0,0
5.08,5.08,-337.168378433887,420.35806292445,0.711005575120354,0,0,0
5.09,5.09,-337.168378433887,420.35806292445,0.711005575120354,0,0,0
5.1,5.1,-337.168378433887,420.35806292445,0.711005575120354,0,0,0
5.11,5.11,-337.168378433887,420.35806292445,0.711005575120354,0,0,0
5.12,5.12,-337.168378433887,420.35806292445,0.711005575120354,0,0,0
5.13,5.13,-337.168378433887,420.35806292445,0.711005575120354,0,0,0
5.14,5.14,-337.168378433887,420.35806292445,0.711005575120354,0,0,0
5.15,5.15,-337.168378433887,420.35806292445,0.711005575120354,0,0,0
5.16,5.16,-337.168378433887,420.35806292445,0.711005575120354,0,0,0
5.17,5.17,-337.168378433887,420.35806292445,0.711005575120354,0,0,0
5.18,5.18,-337.168378433887,420.35806292445,0.711005575120354,0,0,0
5.19,5.19,-337.168378433887,420.35806292445,0.711005575120354,0,0,0
5.2,5.2,-337.168378433887,420.35806292445,0.711005575120354,0,0,0
5.21,5.21,-337.168378433887,420.35806292445,0.711005575120354,0,0,0
5.22,5.22,-337.168378433887,420.35806292445,0.711005575120354,0,0,0
5.23,5.23,-337.168378433887,420.35806292445,0.711005575120354,0,0,0
5.24,5.24,-337.168378433887,420.35806292445,0.711005575120354,0,0,0
5.25,5.25,-337.168378433887,420.35806292445,0.711005575120354,0,0,0
5.26,5.26,-337.168378433887,420.35806292445,0.711005575120354,0,0,0
5.27,5.27,-337.168378433887,420.35806292445,0.711005575120354,0,0,0
5.28,5.28,-337.168378433887,420.35806292445,0.711005575120354,0,0,0
5.29,5.29,-337.168378433887,420.35806292445,0.711005575120354,0,0,0
5.3,5.3,-337.168378433887,420.35806292445,0.711005575120354,0,0,0
5.31,5.31,-337.168378433887,420.35806292445,0.711005575120354,0,0,0
5.32,5.32,-337.168378433887,420.35806292445,0.711005575120354,0,0,0
5.33,5.33,-337.168378433887,420.35806292445,0.711005575120354,0,0,0
5.34,5.34,-337.168378433887,420.35806292445,0.711005575120354,0,0,0
5.35,5.35,-337.168378433887,420.35806292445,0.711005575120354,0,0,0
5.36,5.36,-337.168378433887,420.35806292445,0.711005575120354,0,0,0
5.37,5.37,-337.168378433887,420.35806292445,0.711005575120354,0,0,0
5.38,5.38,-337.168378433887,420.35806292445,0.711005575120354,0,0,0
5.39,5.39,-337.168378433887,420.35806292445,0.711005575120354,0,0,0
5.4,5.4,-337.168378433887,420.35806292445,0.711005575120354,0,0,0
5.41,5.41,-337.168378433887,420.35806292445,0.711005575120354,0,0,0
5.42,5.42,-337.168378433887,420.35806292445,0.711005575120354,0,0,0
5.43,5.43,-337.168378433887,420.35806292445,0.711005575120354,0,0,0
5.44,5.44,-337.168378433887,420.35806292445,0.711005575120354,0,0,0
5.45,5.45,-337.168378433887,420.35806292445,0.711005575120354,0,0,0
5.46,5.46,-337.168378433887,420.35806292445,0.711005575120354,0,0,0
5.47,5.47,-337.168378433887,420.35806292445,0.711005575120354,0,0,0
5.48,5.48,-337.168378433887,420.35806292445,0.711005575120354,0,0,0
5.49,5.49,-337.168378433887,420.35806292445,0.711005575120354,0,0,0
5.5,5.5,-337.168378433887,420.35806292445,0.711005575120354,0,0,0
5.51,5.51,-337.168378433887,420.35806292445,0.711005575120354,0,0,0
5.52,5.52,-337.168378433887,420.35806292445,0.711005575120354,0,0,0
5.53,5.53,-337.168378433887,420.35806292445,0.711005575120354,0,0,0
5.54,5.54,-337.168378433887,420.35806292445,0.711005575120354,0,0,0
5.55,5.55,-337.168378433887,420.35806292445,0.711005575120354,0,0,0
5.56,5.56,-337.168378433887,420.35806292445,0.711005575120354,0,0,0
5.57,5.57,-337.168378433887,420.35806292445,0.711005575120354,0,0,0
5.58,5.58,-337.168378433887,420.35806292445,0.711005575120354,0,0,0
5.59,5.59,-337.168378433887,420.35806292445,0.711005575120354,0,0,0
5.6,5.6,-337.168378433887,420.35806292445,0.711005575120354,0,0,0
5.61,5.61,-337.168378433887,420.35806292445,0.711005575120354,0,0,0
5.62,5.62,-337.168378433887,420.35806292445,0.711005575120354,0,0,0
5.63,5.63,-337.168378433887,420.35806292445,0.711005575120354,0,0,0
5.64,5.64,-337.168378433887,420.35806292445,0.711005575120354,0,0,0
5.65,5.65,-337.168378433887,420.35806292445,0.711005575120354,0,0,0
5.66,5.66,-337.168378433887,420.35806292445,0.711005575120354,0,0,0
5.67,5.67,-337.168378433887,420.35806292445,0.711005575120354,0,0,0
5.68,5.68,-337.168378433887,420.35806292445,0.711005575120354,0,0,0
5.69,5.69,-337.168378433887,420.35806292445,0.711005575120354,0,0,0
5.7,5.7,-337.168378433887,420.35806292445,0.711005575120354,0,0,0
5.71,5.71,-337.168378433887,420.35806292445,0.711005575120354,0,0,0
5.72,5.72,-337.168378433887,420.35806292445,0.711005575120354,0,0,0
5.73,5.73,-337.168378433887,420.35806292445,0.711005575120354,0,0,0
5.74,5.74,-337.168378433887,420.35806292445,0.711005575120354,0,0,0
5.75,5.75,-337.168378433887,420.35806292445,0.711005575120354,0,0,0
5.76,5.76,-337.168378433887,420.35806292445,0.711005575120354,0,0,0
5.77,5.77,-337.168378433887,420.35806292445,0.711005575120354,0,0,0
5.78,5.78,-337.168378433887,420.35806292445,0.711005575120354,0,0,0
5.79,5.79,-337.168378433887,420.35806292445,0.711005575120354,0,0,0
5.8,5.8,-337.168378433887,420.35806292445,0.711005575120354,0,0,0
5.81,5.81,-337.168378433887,420.35806292445,0.711005575120354,0,0,0
5.82,5.82,-337.168378433887,420.35806292445,0.711005575120354,0,0,0
5.83,5.83,-337.168378433887,420.35806292445,0.711005575120354,0,0,0
5.84,5.84,-337.168378433887,420.35806292445,0.711005575120354,0,0,0
5.85,5.85,-337.168378433887,420.35806292445,0.711005575120354,0,0,0
5.86,5.86,-337.168378433887,420.35806292445,0.711005575120354,0,0,0
5.87,5.87,-337.168378433887,420.35806292445,0.711005575120354,0,0,0
5.88,5.88,-337.168378433887,420.35806292445,0.711005575120354,0,0,0
5.89,5.89,-337.168378433887,420.35806292445,0.711005575120354,0,0,0
5.9,5.9,-337.168378433887,420.35806292445,0.711005575120354,0,0,0
5.91,5.91,-337.168378433887,420.35806292445,0.711005575120354,0,0,0
5.92,5.92,-337.168378433887,420.35806292445,0.711005575120354,0,0,0
5.93,5.93,-337.168378433887,420.35806292445,0.711005575120354,0,0,0
5.94,5.94,-337.168378433887,420.35806292445,0.711005575120354,0,0,0
5.95,5.95,-337.168378433887,420.35806292445,0.711005575120354,0,0,0
5.96,5.96,-337.168378433887,420.35806292445,0.711005575120354,0,0,0
5.97,5.97,-337.168378433887,420.35806292445,0.711005575120354,0,0,0
5.98,5.98,-337.168378433887,420.35806292445,0.711005575120354,0,0,0
5.99,5.99,-337.168378433887,420.35806292445,0.711005575120354,0,0,0
6,6,-337.168378433887,420.35806292445,0.711005575120354,0,0,0
6.01,6.01,-337.168378433887,420.35806292445,0.711005575120354,0,0,0
6.02,6.02,-337.168378433887,420.35806292445,0.711005575120354,0,0,0
6.03,6.03,-337.168378433887,420.35806292445,0.711005575120354,0,0,0
6.04,6.04,-337.168378433887,420.35806292445,0.711005575120354,0,0,0
6.05,6.05,-337.168378433887,420.35806292445,0.711005575120354,0,0,0
6.06,6.06,-337.168378433887,420.35806292445,0.711005575120354,0,0,0
6.07,6.07,-337.168378433887,420.35806292445,0.711005575120354,0,0,0
6.08,6.08,-337.168378433887,420.35806292445,0.711005575120354,0,0,0
6.09,6.09,-337.168378433887,420.35806292445,0.711005575120354,0,0,0
6.1,6.1,-337.168378433887,420.35806292445,0.711005575120354,0,0,0
6.11,6.11,-337.168378433887,420.35806292445,0.711005575120354,0,0,0
6.12,6.12,-337.168378433887,420.35806292445,0.711005575120354,0,0,0
6.13,6.13,-337.168378433887,420.35806292445,0.711005575120354,0,0,0
6.14,6.14,-337.168378433887,420.35806292445,0.711005575120354,0,0,0
6.15,6.15,-337.168378433887,420.35806292445,0.711005575120354,0,0,0
6.16,6.16,-337.168378433887,420.35806292445,0.711005575120354,0,0,0
6.17,6.17,-337.168378433887,420.35806292445,0.711005575120354,0,0,0
6.18,6.18,-337.168378433887,420.35806292445,0.711005575120354,0,0,0
6.19,6.19,-337.168378433887,420.35806292445,0.711005575120354,0,0,0
6.2,6.2,-337.168378433887,420.35806292445,0.711005575120354,0,0,0
6.21,6.21,-337.168378433887,420.35806292445,0.711005575120354,0,0,0
6.22,6.22,-337.168378433887,420.35806292445,0.711005575120354,0,0,0
6.23,6.23,-337.168378433887,420.35806292445,0.711005575120354,0,0,0
6.24,6.24,-337.168378433887,420.35806292445,0.711005575120354,0,0,0
6.25,6.25,-337.168378433887,420.35806292445,0.711005575120354,0,0,0
6.26,6.26,-337.168378433887,420.35806292445,0.711005575120354,0,0,0
6.27,6.27,-337.168378433887,420.35806292445,0.711005575120354,0,0,0
6.28,6.28,-337.168378433887,420.35806292445,0.711005575120354,0,0,0
6.29,6.29,-337.168378433887,420.35806292445,0.711005575120354,0,0,0
6.3,6.3,-337.168378433887,420.35806292445,0.711005575120354,0,0,0
6.31,6.31,-337.168378433887,420.35806292445,0.711005575120354,0,0,0
6.32,6.32,-337.168378433887,420.35806292445,0.711005575120354,0,0,0
6.33,6.33,-337.168378433887,420.35806292445,0.711005575120354,0,0,0
6.34,6.34,-337.168378433887,420.35806292445,0.711005575120354,0,0,0
6.35,6.35,-337.168378433887,420.35806292445,0.711005575120354,0,0,0
6.36,6.36,-337.168378433887,420.35806292445,0.711005575120354,0,0,0
6.37,6.37,-337.168378433887,420.35806292445,0.711005575120354,0,0,0
6.38,6.38,-337.168378433887,420.35806292445,0.711005575120354,0,0,0
6.39,6.39,-337.168378433887,420.35806292445,0.711005575120354,0,0,0
6.4,6.4,-337.168378433887,420.35806292445,0.711005575120354,0,0,0
6.41,6.41,-337.168378433887,420.35806292445,0.711005575120354,0,0,0
6.42,6.42,-337.168378433887,420.35806292445,0.711005575120354,0,0,0
6.43,6.43,-337.168378433887,420.35806292445,0.711005575120354,0,0,0
6.44,6.44,-337.168378433887,420.35806292445,0.711005575120354,0,0,0
6.45,6.45,-337.168378433887,420.35806292445,0.711005575120354,0,0,0
6.46,6.46,-337.168378433887,420.35806292445,0.711005575120354,0,0,0
6.47,6.47,-337.168378433887,420.35806292445,0.711005575120354,0,0,0
6.48,6.48,-337.168378433887,420.35806292445,0.711005575120354,0,0,0
6.49,6.49,-337.168378433887,420.35806292445,0.711005575120354,0,0,0
6.5,6.5,-337.168378433887,420.35806292445,0.711005575120354,0,0,0
6.51,6.51,-337.168378433887,420.35806292445,0.711005575120354,0,0,0
6.52,6.52,-337.168378433887,420.35806292445,0.711005575120354,0,0,0
6.53,6.53,-337.168378433887,420.35806292445,0.711005575120354,0,0,0
6.54,6.54,-337.168378433887,420.35806292445,0.711005575120354,0,0,0
6.55,6.55,-337.168378433887,420.35806292445,0.711005575120354,0,0,0
6.56,6.56,-337.168378433887,420.35806292445,0.711005575120354,0,0,0
6.57,6.57,-337.168378433887,420.35806292445,0.711005575120354,0,0,0
6.58,6.58,-337.168378433887,420.35806292445,0.711005575120354,0,0,0
6.59,6.59,-337.168378433887,420.35806292445,0.711005575120354,0,0,0
6.6,6.6,-337.168378433887,420.35806292445,0.711005575120354,0,0,0
6.61,6.61,-337.168378433887,420.35806292445,0.711005575120354,0,0,0
6.62,6.62,-337.168378433887,420.35806292445,0.711005575120354,0,0,0
6.63,6.63,-337.168378433887,420.35806292445,0.711005575120354,0,0,0
6.64,6.64,-337.168378433887,420.35806292445,0.711005575120354,0,0,0
6.65,6.65,-337.168378433887,420.35806292445,0.711005575120354,0,0,0
6.66,6.66,-337.168378433887,420.35806292445,0.711005575120354,0,0,0
6.67,6.67,-337.168378433887,420.35806292445,0.711005575120354,0,0,0
6.68,6.68,-337.168378433887,420.35806292445,0.711005575120354,0,0,0
6.69,6.69,-337.168378433887,420.35806292445,0.711005575120354,0,0,0
6.7,6.7,-337.168378433887,420.35806292445,0.711005575120354,0,0,0
6.71,6.71,-337.168378433887,420.35806292445,0.711005575120354,0,0,0
6.72,6.72,-337.168378433887,420.35806292445,0.711005575120354,0,0,0
6.73,6.73,-337.168378433887,420.35806292445,0.711005575120354,0,0,0
6.74,6.74,-337.168378433887,420.35806292445,0.711005575120354,0,0,0
6.75,6.75,-337.168378433887,420.35806292445,0.711005575120354,0,0,0
6.76,6.76,-337.168378433887,420.35806292445,0.711005575120354,0,0,0
6.77,6.77,-337.168378433887,420.35806292445,0.711005575120354,0,0,0
6.78,6.78,-337.168378433887,420.35806292445,0.711005575120354,0,0,0
6.79,6.79,-337.168378433887,420.35806292445,0.711005575120354,0,0,0
6.8,6.8,-337.168378433887,420.35806292445,0.711005575120354,0,0,0
6.81,6.81,-337.168378433887,420.35806292445,0.711005575120354,0,0,0
6.82,6.82,-337.168378433887,420.35806292445,0.711005575120354,0,0,0
6.83,6.83,-337.168378433887,420.35806292445,0.711005575120354,0,0,0
6.84,6.84,-337.168378433887,420.35806292445,0.711005575120354,0,0,0
6.85,6.85,-337.168378433887,420.35806292445,0.711005575120354,0,0,0
6.86,6.86,-337.168378433887,420.35806292445,0.711005575120354,0,0,0
6.87,6.87,-337.168378433887,420.35806292445,0.711005575120354,0,0,0
6.88,6.88,-337.168378433887,420.35806292445,0.711005575120354,0,0,0
6.89,6.89,-337.168378433887,420.35806292445,0.711005575120354,0,0,0
6.9,6.9,-337.168378433887,420.35806292445,0.711005575120354,0,0,0
6.91,6.91,-337.168378433887,420.35806292445,0.711005575120354,0,0,0
6.92,6.92,-337.168378433887,420.35806292445,0.711005575120354,0,0,0
6.93,6.93,-337.168378433887,420.35806292445,0.711005575120354,0,0,0
6.94,6.94,-337.168378433887,420.35806292445,0.711005575120354,0,0,0
6.95,6.95,-337.168378433887,420.35806292445,0.711005575120354,0,0,0
6.96,6.96,-337.168378433887,420.35806292445,0.711005575120354,0,0,0
6.97,6.97,-337.168378433887,420.35806292445,0.711005575120354,0,0,0
6.98,6.98,-337.168378433887,420.35806292445,0.711005575120354,0,0,0
6.99,6.99,-337.168378433887,420.35806292445,0.711005575120354,0,0,0
7,7,-337.168378433887,420.35806292445,0.711005575120354,0,0,0
7.01,7.01,-337.168378433887,420.35806292445,0.711005575120354,0,0,0
7.02,7.02,-337.168378433887,420.35806292445,0.711005575120354,0,0,0
7.03,7.03,-337.168378433887,420.35806292445,0.711005575120354,0,0,0
7.04,7.04,-337.168378433887,420.35806292445,0.711005575120354,0,0,0
7.05,7.05,-337.168378433887,420.35806292445,0.711005575120354,0,0,0
7.06,7.06,-337.168378433887,420.35806292445,0.711005575120354,0,0,0
7.07,7.07,-337.168378433887,420.35806292445,0.711005575120354,0,0,0
7.08,7.08,-337.168378433887,420.35806292445,0.711005575120354,0,0,0
7.09,7.09,-337.168378433887,420.35806292445,0.711005575120354,0,0,0
7.1,7.1,-337.168378433887,420.35806292445,0.711005575120354,0,0,0
7.11,7.11,-337.168378433887,420.35806292445,0.711005575120354,0,0,0
7.12,7.12,-337.168378433887,420.35806292445,0.711005575120354,0,0,0
7.13,7.13,-337.168378433887,420.35806292445,0.711005575120354,0,0,0
7.14,7.14,-337.168378433887,420.35806292445,0.711005575120354,0,0,0
7.15,7.15,-337.168378433887,420.35806292445,0.711005575120354,0,0,0
7.16,7.16,-337.168378433887,420.35806292445,0.711005575120354,0,0,0
7.17,7.17,-337.168378433887,420.35806292445,0.711005575120354,0,0,0
7.18,7.18,-337.168378433887,420.35806292445,0.711005575120354,0,0,0
7.19,7.19,-337.168378433887,420.35806292445,0.711005575120354,0,0,0
7.2,7.2,-337.168378433887,420.35806292445,0.711005575120354,0,0,0
7.21,7.21,-337.168378433887,420.35806292445,0.711005575120354,0,0,0
7.22,7.22,-337.168378433887,420.35806292445,0.711005575120354,0,0,0
7.23,7.23,-337.168378433887,420.35806292445,0.711005575120354,0,0,0
7.24,7.24,-337.168378433887,420.35806292445,0.711005575120354,0,0,0
7.25,7.25,-337.168378433887,420.35806292445,0.711005575120354,0,0,0
7.26,7.26,-337.168378433887,420.35806292445,0.711005575120354,0,0,0
7.27,7.27,-337.168378433887,420.35806292445,0.711005575120354,0,0,0
7.28,7.28,-337.168378433887,420.35806292445,0.711005575120354,0,0,0
7.29,7.29,-337.168378433887,420.35806292445,0.711005575120354,0,0,0
7.3,7.3,-337.168378433887,420.35806292445,0.711005575120354,0,0,0
7.31,7.31,-337.168378433887,420.35806292445,0.711005575120354,0,0,0
7.32,7.32,-337.168378433887,420.35806292445,0.711005575120354,0,0,0
7.33,7.33,-337.168378433887,420.35806292445,0.711005575120354,0,0,0
7.34,7.34,-337.168378433887,420.35806292445,0.711005575120354,0,0,0
7.35,7.35,-337.168378433887,420.35806292445,0.711005575120354,0,0,0
7.36,7.36,-337.168378433887,420.35806292445,0.711005575120354,0,0,0
7.37,7.37,-337.168378433887,420.35806292445,0.711005575120354,0,0,0
7.38,7.38,-337.168378433887,420.35806292445,0.711005575120354,0,0,0
7.39,7.39,-337.168378433887,420.35806292445,0.711005575120354,0,0,0
7.4,7.4,-337.168378433887,420.35806292445,0.711005575120354,0,0,0
7.41,7.41,-337.168378433887,420.35806292445,0.711005575120354,0,0,0
7.42,7.42,-337.168378433887,420.35806292445,0.711005575120354,0,0,0
7.43,7.43,-337.168378433887,420.35806292445,0.711005575120354,0,0,0
7.44,7.44,-337.168378433887,420.35806292445,0.711005575120354,0,0,0
7.45,7.45,-337.168378433887,420.35806292445,0.711005575120354,0,0,0
7.46,7.46,-337.168378433887,420.35806292445,0.711005575120354,0,0,0
7.47,7.47,-337.168378433887,420.35806292445,0.711005575120354,0,0,0
7.48,7.48,-337.168378433887,420.35806292445,0.711005575120354,0,0,0
7.49,7.49,-337.168378433887,420.35806292445,0.711005575120354,0,0,0
7.5,7.5,-337.168378433887,420.35806292445,0.711005575120354,0,0,0
7.51,7.51,-337.168378433887,420.35806292445,0.711005575120354,0,0,0
7.52,7.52,-337.168378433887,420.35806292445,0.711005575120354,0,0,0
7.53,7.53,-337.168378433887,420.35806292445,0.711005575120354,0,0,0
7.54,7.54,-337.168378433887,420.35806292445,0.711005575120354,0,0,0
7.55,7.55,-337.168378433887,420.35806292445,0.711005575120354,0,0,0
7.56,7.56,-337.168378433887,420.35806292445,0.711005575120354,0,0,0
7.57,7.57,-337.168378433887,420.35806292445,0.711005575120354,0,0,0
7.58,7.58,-337.168378433887,420.35806292445,0.711005575120354,0,0,0
7.59,7.59,-337.168378433887,420.35806292445,0.711005575120354,0,0,0
7.6,7.6,-337.168378433887,420.35806292445,0.711005575120354,0,0,0
7.61,7.61,-337.168378433887,420.35806292445,0.711005575120354,0,0,0
7.62,7.62,-337.168378433887,420.35806292445,0.711005575120354,0,0,0
7.63,7.63,-337.168378433887,420.35806292445,0.711005575120354,0,0,0
7.64,7.64,-337.168378433887,420.35806292445,0.711005575120354,0,0,0
7.65,7.65,-337.168378433887,420.35806292445,0.711005575120354,0,0,0
7.66,7.66,-337.168378433887,420.35806292445,0.711005575120354,0,0,0
7.67,7.67,-337.168378433887,420.35806292445,0.711005575120354,0,0,0
7.68,7.68,-337.168378433887,420.35806292445,0.711005575120354,0,0,0
7.69,7.69,-337.168378433887,420.35806292445,0.711005575120354,0,0,0
7.7,7.7,-337.168378433887,420.35806292445,0.711005575120354,0,0,0
7.71,7.71,-337.168378433887,420.35806292445,0.711005575120354,0,0,0
7.72,7.72,-337.168378433887,420.35806292445,0.711005575120354,0,0,0
7.73,7.73,-337.168378433887,420.35806292445,0.711005575120354,0,0,0
7.74,7.74,-337.168378433887,420.35806292445,0.711005575120354,0,0,0
7.75,7.75,-337.168378433887,420.35806292445,0.711005575120354,0,0,0
7.76,7.76,-337.168378433887,420.35806292445,0.711005575120354,0,0,0
7.77,7.77,-337.168378433887,420.35806292445,0.711005575120354,0,0,0
7.78,7.78,-337.168378433887,420.35806292445,0.711005575120354,0,0,0
7.79,7.79,-337.168378433887,420.35806292445,0.711005575120354,0,0,0
7.8,7.8,-337.168378433887,420.35806292445,0.711005575120354,0,0,0
7.81,7.81,-337.168378433887,420.35806292445,0.711005575120354,0,0,0
7.82,7.82,-337.168378433887,420.35806292445,0.711005575120354,0,0,0
7.83,7.83,-337.168378433887,420.35806292445,0.711005575120354,0,0,0
7.84,7.84,-337.168378433887,420.35806292445,0.711005575120354,0,0,0
7.85,7.85,-337.168378433887,420.35806292445,0.711005575120354,0,0,0
7.86,7.86,-337.168378433887,420.35806292445,0.711005575120354,0,0,0
7.87,7.87,-337.168378433887,420.35806292445,0.711005575120354,0,0,0
7.88,7.88,-337.168378433887,420.35806292445,0.711005575120354,0,0,0
7.89,7.89,-337.168378433887,420.35806292445,0.711005575120354,0,0,0
7.9,7.9,-337.168378433887,420.35806292445,0.711005575120354,0,0,0
7.91,7.91,-337.168378433887,420.35806292445,0.711005575120354,0,0,0
7.92,7.92,-337.168378433887,420.35806292445,0.711005575120354,0,0,0
7.93,7.93,-337.168378433887,420.35806292445,0.711005575120354,0,0,0
7.94,7.94,-337.168378433887,420.35806292445,0.711005575120354,0,0,0
7.95,7.95,-337.168378433887,420.35806292445,0.711005575120354,0,0,0
7.96,7.96,-337.168378433887,420.35806292445,0.711005575120354,0,0,0
7.97,7.97,-337.168378433887,420.35806292445,0.711005575120354,0,0,0
7.98,7.98,-337.168378433887,420.35806292445,0.711005575120354,0,0,0
7.99,7.99,-337.168378433887,420.35806292445,0.711005575120354,0,0,0
8,8,-337.168378433887,420.35806292445,0.711005575120354,0,0,0
8.01,8.01,-337.168378433887,420.35806292445,0.711005575120354,0,0,0
8.02,8.02,-337.168378433887,420.35806292445,0.711005575120354,0,0,0
8.03,8.03,-337.168378433887,420.35806292445,0.711005575120354,0,0,0
8.04,8.04,-337.168378433887,420.35806292445,0.711005575120354,0,0,0
8.05,8.05,-337.168378433887,420.35806292445,0.711005575120354,0,0,0
8.06,8.06,-337.168378433887,420.35806292445,0.711005575120354,0,0,0
8.07,8.07,-337.168378433887,420.35806292445,0.711005575120354,0,0,0
8.08,8.08,-337.168378433887,420.35806292445,0.711005575120354,0,0,0
8.09,8.09,-337.168378433887,420.35806292445,0.711005575120354,0,0,0
8.1,8.1,-337.168378433887,420.35806292445,0.711005575120354,0,0,0
8.11,8.11,-337.168378433887,420.35806292445,0.711005575120354,0,0,0
8.12,8.12,-337.168378433887,420.35806292445,0.711005575120354,0,0,0
8.13,8.13,-337.168378433887,420.35806292445,0.711005575120354,0,0,0
8.14,8.14,-337.168378433887,420.35806292445,0.711005575120354,0,0,0
8.15,8.15,-337.168378433887,420.35806292445,0.711005575120354,0,0,0
8.16,8.16,-337.168378433887,420.35806292445,0.711005575120354,0,0,0
8.17,8.17,-337.168378433887,420.35806292445,0.711005575120354,0,0,0
8.18,8.18,-337.168378433887,420.35806292445,0.711005575120354,0,0,0
8.19,8.19,-337.168378433887,420.35806292445,0.711005575120354,0,0,0
8.2,8.2,-337.168378433887,420.35806292445,0.711005575120354,0,0,0
8.21,8.21,-337.168378433887,420.35806292445,0.711005575120354,0,0,0
8.22,8.22,-337.168378433887,420.35806292445,0.711005575120354,0,0,0
8.23,8.23,-337.168378433887,420.35806292445,0.711005575120354,0,0,0
8.24,8.24,-337.168378433887,420.35806292445,0.711005575120354,0,0,0
8.25,8.25,-337.168378433887,420.35806292445,0.711005575120354,0,0,0
8.26,8.26,-337.168378433887,420.35806292445,0.711005575120354,0,0,0
8.27,8.27,-337.168378433887,420.35806292445,0.711005575120354,0,0,0
8.28,8.28,-337.168378433887,420.35806292445,0.711005575120354,0,0,0
8.29,8.29,-337.168378433887,420.35806292445,0.711005575120354,0,0,0
8.3,8.3,-337.168378433887,420.35806292445,0.711005575120354,0,0,0
8.31,8.31,-337.168378433887,420.35806292445,0.711005575120354,0,0,0
8.32,8.32,-337.168378433887,420.35806292445,0.711005575120354,0,0,0
8.33,8.33,-337.168378433887,420.35806292445,0.711005575120354,0,0,0
8.34,8.34,-337.168378433887,420.35806292445,0.711005575120354,0,0,0
8.35,8.35,-337.168378433887,420.35806292445,0.711005575120354,0,0,0
8.36,8.36,-337.168378433887,420.35806292445,0.711005575120354,0,0,0
8.37,8.37,-337.168378433887,420.35806292445,0.711005575120354,0,0,0
8.38,8.38,-337.168378433887,420.35806292445,0.711005575120354,0,0,0
8.39,8.39,-337.168378433887,420.35806292445,0.711005575120354,0,0,0
8.4,8.4,-337.168378433887,420.35806292445,0.711005575120354,0,0,0
8.41,8.41,-337.168378433887,420.35806292445,0.711005575120354,0,0,0
8.42,8.42,-337.168378433887,420.35806292445,0.711005575120354,0,0,0
8.43,8.43,-337.168378433887,420.35806292445,0.711005575120354,0,0,0
8.44,8.44,-337.168378433887,420.35806292445,0.711005575120354,0,0,0
8.45,8.45,-337.168378433887,420.35806292445,0.711005575120354,0,0,0
8.46,8.46,-337.168378433887,420.35806292445,0.711005575120354,0,0,0
8.47,8.47,-337.168378433887,420.35806292445,0.711005575120354,0,0,0
8.48,8.48,-337.168378433887,420.35806292445,0.711005575120354,0,0,0
8.49,8.49,-337.168378433887,420.35806292445,0.711005575120354,0,0,0
8.5,8.5,-337.168378433887,420.35806292445,0.711005575120354,0,0,0
8.51,8.51,-337.168378433887,420.35806292445,0.711005575120354,0,0,0
8.52,8.52,-337.168378433887,420.35806292445,0.711005575120354,0,0,0
8.53,8.53,-337.168378433887,420.35806292445,0.711005575120354,0,0,0
8.54,8.54,-337.168378433887,420.35806292445,0.711005575120354,0,0,0
8.55,8.55,-337.168378433887,420.35806292445,0.711005575120354,0,0,0
8.56,8.56,-337.168378433887,420.35806292445,0.711005575120354,0,0,0
8.57,8.57,-337.168378433887,420.35806292445,0.711005575120354,0,0,0
8.58,8.58,-337.168378433887,420.35806292445,0.711005575120354,0,0,0
8.59,8.59,-337.168378433887,420.35806292445,0.711005575120354,0,0,0
8.6,8.6,-337.168378433887,420.35806292445,0.711005575120354,0,0,0
8.61,8.61,-337.168378433887,420.35806292445,0.711005575120354,0,0,0
8.62,8.62,-337.168378433887,420.35806292445,0.711005575120354,0,0,0
8.63,8.63,-337.168378433887,420.35806292445,0.711005575120354,0,0,0
8.64,8.64,-337.168378433887,420.35806292445,0.711005575120354,0,0,0
8.65,8.65,-337.168378433887,420.35806292445,0.711005575120354,0,0,0
8.66,8.66,-337.168378433887,420.35806292445,0.711005575120354,0,0,0
8.67,8.67,-337.168378433887,420.35806292445,0.711005575120354,0,0,0
8.68,8.68,-337.168378433887,420.35806292445,0.711005575120354,0,0,0
8.69,8.69,-337.168378433887,420.35806292445,0.711005575120354,0,0,0
8.7,8.7,-337.168378433887,420.35806292445,0.711005575120354,0,0,0
8.71,8.71,-337.168378433887,420.35806292445,0.711005575120354,0,0,0
8.72,8.72,-337.168378433887,420.35806292445,0.711005575120354,0,0,0
8.73,8.73,-337.168378433887,420.35806292445,0.711005575120354,0,0,0
8.74,8.74,-337.168378433887,420.35806292445,0.711005575120354,0,0,0
8.75,8.75,-337.168378433887,420.35806292445,0.711005575120354,0,0,0
8.76,8.76,-337.168378433887,420.35806292445,0.711005575120354,0,0,0
8.77,8.77,-337.168378433887,420.35806292445,0.711005575120354,0,0,0
8.78,8.78,-337.168378433887,420.35806292445,0.711005575120354,0,0,0
8.79,8.79,-337.168378433887,420.35806292445,0.711005575120354,0,0,0
8.8,8.8,-337.168378433887,420.35806292445,0.711005575120354,0,0,0
8.81,8.81,-337.168378433887,420.35806292445,0.711005575120354,0,0,0
8.82,8.82,-337.168378433887,420.35806292445,0.711005575120354,0,0,0
8.83,8.83,-337.168378433887,420.35806292445,0.711005575120354,0,0,0
8.84,8.84,-337.168378433887,420.35806292445,0.711005575120354,0,0,0
8.85,8.85,-337.168378433887,420.35806292445,0.711005575120354,0,0,0
8.86,8.86,-337.168378433887,420.35806292445,0.711005575120354,0,0,0
8.87,8.87,-337.168378433887,420.35806292445,0.711005575120354,0,0,0
8.88,8.88,-337.168378433887,420.35806292445,0.711005575120354,0,0,0
8.89,8.89,-337.168378433887,420.35806292445,0.711005575120354,0,0,0
8.9,8.9,-337.168378433887,420.35806292445,0.711005575120354,0,0,0
8.91,8.91,-337.168378433887,420.35806292445,0.711005575120354,0,0,0
8.92,8.92,-337.168378433887,420.35806292445,0.711005575120354,0,0,0
8.93,8.93,-337.168378433887,420.35806292445,0.711005575120354,0,0,0
8.94,8.94,-337.168378433887,420.35806292445,0.711005575120354,0,0,0
8.95,8.95,-337.168378433887,420.35806292445,0.711005575120354,0,0,0
8.96,8.96,-337.168378433887,420.35806292445,0.711005575120354,0,0,0
8.97,8.97,-337.168378433887,420.35806292445,0.711005575120354,0,0,0
8.98,8.98,-337.168378433887,420.35806292445,0.711005575120354,0,0,0
8.99,8.99,-337.168378433887,420.35806292445,0.711005575120354,0,0,0
9,9,-337.168378433887,420.35806292445,0.711005575120354,0,0,0
9.01,9.01,-337.168378433887,420.35806292445,0.711005575120354,0,0,0
9.02,9.02,-337.168378433887,420.35806292445,0.711005575120354,0,0,0
9.03,9.03,-337.168378433887,420.35806292445,0.711005575120354,0,0,0
9.04,9.04,-337.168378433887,420.35806292445,0.711005575120354,0,0,0
9.05,9.05,-337.168378433887,420.35806292445,0.711005575120354,0,0,0
9.06,9.06,-337.168378433887,420.35806292445,0.711005575120354,0,0,0
9.07,9.07,-337.168378433887,420.35806292445,0.711005575120354,0,0,0
9.08,9.08,-337.168378433887,420.35806292445,0.711005575120354,0,0,0
9.09,9.09,-337.168378433887,420.35806292445,0.711005575120354,0,0,0
9.1,9.1,-337.168378433887,420.35806292445,0.711005575120354,0,0,0
9.11,9.11,-337.168378433887,420.35806292445,0.711005575120354,0,0,0
9.12,9.12,-337.168378433887,420.35806292445,0.711005575120354,0,0,0
9.13,9.13,-337.168378433887,420.35806292445,0.711005575120354,0,0,0
9.14,9.14,-337.168378433887,420.35806292445,0.711005575120354,0,0,0
9.15,9.15,-337.168378433887,420.35806292445,0.711005575120354,0,0,0
9.16,9.16,-337.168378433887,420.35806292445,0.711005575120354,0,0,0
9.17,9.17,-337.168378433887,420.35806292445,0.711005575120354,0,0,0
9.18,9.18,-337.168378433887,420.35806292445,0.711005575120354,0,0,0
9.19,9.19,-337.168378433887,420.35806292445,0.711005575120354,0,0,0
9.2,9.2,-337.168378433887,420.35806292445,0.711005575120354,0,0,0
9.21,9.21,-337.168378433887,420.35806292445,0.711005575120354,0,0,0
9.22,9.22,-337.168378433887,420.35806292445,0.711005575120354,0,0,0
9.23,9.23,-337.168378433887,420.35806292445,0.711005575120354,0,0,0
9.24,9.24,-337.168378433887,420.35806292445,0.711005575120354,0,0,0
9.25,9.25,-337.168378433887,420.35806292445,0.711005575120354,0,0,0
9.26,9.26,-337.168378433887,420.35806292445,0.711005575120354,0,0,0
9.27,9.27,-337.168378433887,420.35806292445,0.711005575120354,0,0,0
9.28,9.28,-337.168378433887,420.35806292445,0.711005575120354,0,0,0
9.29,9.29,-337.168378433887,420.35806292445,0.711005575120354,0,0,0
9.3,9.3,-337.168378433887,420.35806292445,0.711005575120354,0,0,0
9.31,9.31,-337.168378433887,420.35806292445,0.711005575120354,0,0,0
9.32,9.32,-337.168378433887,420.35806292445,0.711005575120354,0,0,0
9.33,9.33,-337.168378433887,420.35806292445,0.711005575120354,0,0,0
9.34,9.34,-337.168378433887,420.35806292445,0.711005575120354,0,0,0
9.35,9.35,-337.168378433887,420.35806292445,0.711005575120354,0,0,0
9.36,9.36,-337.168378433887,420.35806292445,0.711005575120354,0,0,0
9.37,9.37,-337.168378433887,420.35806292445,0.711005575120354,0,0,0
9.38,9.38,-337.168378433887,420.35806292445,0.711005575120354,0,0,0
9.39,9.39,-337.168378433887,420.35806292445,0.711005575120354,0,0,0
9.4,9.4,-337.168378433887,420.35806292445,0.711005575120354,0,0,0
9.41,9.41,-337.168378433887,420.35806292445,0.711005575120354,0,0,0
9.42,9.42,-337.168378433887,420.35806292445,0.711005575120354,0,0,0
9.43,9.43,-337.168378433887,420.35806292445,0.711005575120354,0,0,0
9.44,9.44,-337.168378433887,420.35806292445,0.711005575120354,0,0,0
9.45,9.45,-337.168378433887,420.35806292445,0.711005575120354,0,0,0
9.46,9.46,-337.168378433887,420.35806292445,0.711005575120354,0,0,0
9.47,9.47,-337.168378433887,420.35806292445,0.711005575120354,0,0,0
9.48,9.48,-337.168378433887,420.35806292445,0.711005575120354,0,0,0
9.49,9.49,-337.168378433887,420.35806292445,0.711005575120354,0,0,0
9.5,9.5,-337.168378433887,420.35806292445,0.711005575120354,0,0,0
9.51,9.51,-337.168378433887,420.35806292445,0.711005575120354,0,0,0
9.52,9.52,-337.168378433887,420.35806292445,0.711005575120354,0,0,0
9.53,9.53,-337.168378433887,420.35806292445,0.711005575120354,0,0,0
9.54,9.54,-337.168378433887,420.35806292445,0.711005575120354,0,0,0
9.55,9.55,-337.168378433887,420.35806292445,0.711005575120354,0,0,0
9.56,9.56,-337.168378433887,420.35806292445,0.711005575120354,0,0,0
9.57,9.57,-337.168378433887,420.35806292445,0.711005575120354,0,0,0
9.58,9.58,-337.168378433887,420.35806292445,0.711005575120354,0,0,0
9.59,9.59,-337.168378433887,420.35806292445,0.711005575120354,0,0,0
9.6,9.6,-337.168378433887,420.35806292445,0.711005575120354,0,0,0
9.61,9.61,-337.168378433887,420.35806292445,0.711005575120354,0,0,0
9.62,9.62,-337.168378433887,420.35806292445,0.711005575120354,0,0,0
9.63,9.63,-337.168378433887,420.35806292445,0.711005575120354,0,0,0
9.64,9.64,-337.168378433887,420.35806292445,0.711005575120354,0,0,0
9.65,9.65,-337.168378433887,420.35806292445,0.711005575120354,0,0,0
9.66,9.66,-337.168378433887,420.35806292445,0.711005575120354,0,0,0
9.67,9.67,-337.168378433887,420.35806292445,0.711005575120354,0,0,0
9.68,9.68,-337.168378433887,420.35806292445,0.711005575120354,0,0,0
9.69,9.69,-337.168378433887,420.35806292445,0.711005575120354,0,0,0
9.7,9.7,-337.168378433887,420.35806292445,0.711005575120354,0,0,0
9.71,9.71,-337.168378433887,420.35806292445,0.711005575120354,0,0,0
9.72,9.72,-337.168378433887,420.35806292445,0.711005575120354,0,0,0
9.73,9.73,-337.168378433887,420.35806292445,0.711005575120354,0,0,0
9.74,9.74,-337.168378433887,420.35806292445,0.711005575120354,0,0,0
9.75,9.75,-337.168378433887,420.35806292445,0.711005575120354,0,0,0
9.76,9.76,-337.168378433887,420.35806292445,0.711005575120354,0,0,0
9.77,9.77,-337.168378433887,420.35806292445,0.711005575120354,0,0,0
9.78,9.78,-337.168378433887,420.35806292445,0.711005575120354,0,0,0
9.79,9.79,-337.168378433887,420.35806292445,0.711005575120354,0,0,0
9.8,9.8,-337.168378433887,420.35806292445,0.711005575120354,0,0,0
9.81,9.81,-337.168378433887,420.35806292445,0.711005575120354,0,0,0
9.82,9.82,-337.168378433887,420.35806292445,0.711005575120354,0,0,0
9.83,9.83,-337.168378433887,420.35806292445,0.711005575120354,0,0,0
9.84,9.84,-337.168378433887,420.35806292445,0.711005575120354,0,0,0
9.85,9.85,-337.168378433887,420.35806292445,0.711005575120354,0,0,0
9.86,9.86,-337.168378433887,420.35806292445,0.711005575120354,0,0,0
9.87,9.87,-337.168378433887,420.35806292445,0.711005575120354,0,0,0
9.88,9.88,-337.168378433887,420.35806292445,0.711005575120354,0,0,0
9.89,9.89,-337.168378433887,420.35806292445,0.711005575120354,0,0,0
9.9,9.9,-337.168378433887,420.35806292445,0.711005575120354,0,0,0
9.91,9.91,-337.168378433887,420.35806292445,0.711005575120354,0,0,0
9.92,9.92,-337.168378433887,420.35806292445,0.711005575120354,0,0,0
9.93,9.93,-337.168378433887,420.35806292445,0.711005575120354,0,0,0
9.94,9.94,-337.168378433887,420.35806292445,0.711005575120354,0,0,0
9.95,9.95,-337.168378433887,420.35806292445,0.711005575120354,0,0,0
9.96,9.96,-337.168378433887,420.35806292445,0.711005575120354,0,0,0
9.97,9.97,-337.168378433887,420.35806292445,0.711005575120354,0,0,0
9.98,9.98,-337.168378433887,420.35806292445,0.711005575120354,0,0,0
9.99,9.99,-337.168378433887,420.35806292445,0.711005575120354,0,0,0
10,10,-337.168378433887,420.35806292445,0.711005575120354,0,0,0
